<?xml version="1.0" encoding="UTF-8"?>
<project-private xmlns="http://www.netbeans.org/ns/project-private/1">
    <editor-bookmarks xmlns="http://www.netbeans.org/ns/editor-bookmarks/2" lastBookmarkId="0"/>
    <open-files xmlns="http://www.netbeans.org/ns/projectui-open-files/2">
        <group>
            <file>file:/home/ciclost/NetBeansProjects/A72/src/a72/joc/enums/EstatCasella.java</file>
            <file>file:/home/ciclost/NetBeansProjects/A72/src/a72/util/GestorIO.java</file>
            <file>file:/home/ciclost/NetBeansProjects/A72/src/a72/joc/Torn.java</file>
            <file>file:/home/ciclost/NetBeansProjects/A72/src/a72/joc/Coordenada.java</file>
            <file>file:/home/ciclost/NetBeansProjects/A72/src/a72/joc/Tauler.java</file>
            <file>file:/home/ciclost/NetBeansProjects/A72/src/a72/joc/Jugador.java</file>
            <file>file:/home/ciclost/NetBeansProjects/A72/src/a72/util/Interval.java</file>
        </group>
    </open-files>
</project-private>
