<?xml version="1.0" encoding="UTF-8"?>
<project-private xmlns="http://www.netbeans.org/ns/project-private/1">
    <editor-bookmarks xmlns="http://www.netbeans.org/ns/editor-bookmarks/2" lastBookmarkId="0"/>
    <open-files xmlns="http://www.netbeans.org/ns/projectui-open-files/2">
        <group>
            <file>file:/C:/Users/Adrian/Documents/NetBeansProjects/A72/src/a72/joc/Coordenada.java</file>
            <file>file:/C:/Users/Adrian/Documents/NetBeansProjects/A72/src/a72/joc/TresEnRatlla.java</file>
            <file>file:/C:/Users/Adrian/Documents/NetBeansProjects/A72/src/a72/joc/Torn.java</file>
            <file>file:/C:/Users/Adrian/Documents/NetBeansProjects/A72/src/a72/joc/Tauler.java</file>
            <file>file:/C:/Users/Adrian/Documents/NetBeansProjects/A72/src/a72/joc/Jugador.java</file>
            <file>file:/C:/Users/Adrian/Documents/NetBeansProjects/A72/test/prueba.java</file>
        </group>
    </open-files>
</project-private>
